valid_loss,accuracy,roc_auc_score,precision_score,specificity,recall_score,f1_score
1.4814438819885254,0.6279069781303406,0.7554112554112554,0.6470588235294118,0.7272727272727273,0.5238095238095238,0.5789473684210527
