valid_loss,accuracy,roc_auc_score,precision_score,specificity,recall_score,f1_score
0.6239326596260071,0.8372092843055725,0.8982683982683982,0.8888888888888888,0.9090909090909091,0.7619047619047619,0.8205128205128205
