valid_loss,accuracy,roc_auc_score,precision_score,specificity,recall_score,f1_score
1.3789594173431396,0.7441860437393188,0.7662337662337663,0.7777777777777778,0.8181818181818182,0.6666666666666666,0.717948717948718
