valid_loss,accuracy,roc_auc_score,precision_score,specificity,recall_score,f1_score
1.444930911064148,0.8372092843055725,0.8095238095238095,0.8571428571428571,0.8571428571428571,0.8181818181818182,0.8372093023255814
