valid_loss,accuracy,roc_auc_score,precision_score,specificity,recall_score,f1_score
0.47868019342422485,0.8372092843055725,0.8636363636363635,0.85,0.8636363636363636,0.8095238095238095,0.8292682926829268
