valid_loss,accuracy,roc_auc_score,precision_score,specificity,recall_score,f1_score
0.5948449969291687,0.8372092843055725,0.7727272727272727,0.8260869565217391,0.8095238095238095,0.8636363636363636,0.8444444444444444
