valid_loss,accuracy,roc_auc_score,precision_score,specificity,recall_score,f1_score
0.7830483317375183,0.7209302186965942,0.8268398268398268,0.8125,0.8571428571428571,0.5909090909090909,0.6842105263157895
