valid_loss,accuracy,roc_auc_score,precision_score,specificity,recall_score,f1_score
2.4693849086761475,0.6279069781303406,0.829004329004329,0.7777777777777778,0.9090909090909091,0.3333333333333333,0.4666666666666667
