valid_loss,accuracy,roc_auc_score,precision_score,specificity,recall_score,f1_score
1.5001461505889893,0.7209302186965942,0.6688311688311689,0.6956521739130435,0.6818181818181818,0.7619047619047619,0.7272727272727273
