valid_loss,accuracy,roc_auc_score,precision_score,specificity,recall_score,f1_score
0.9276866316795349,0.604651153087616,0.7597402597402597,0.75,0.9090909090909091,0.2857142857142857,0.41379310344827586
