valid_loss,accuracy,roc_auc_score,precision_score,specificity,recall_score,f1_score
1.1572593450546265,0.7441860437393188,0.7467532467532468,0.7272727272727273,0.7272727272727273,0.7619047619047619,0.7441860465116279
