valid_loss,accuracy,roc_auc_score,precision_score,specificity,recall_score,f1_score
1.4951804876327515,0.5348837375640869,0.761904761904762,0.6666666666666666,0.9047619047619048,0.18181818181818182,0.2857142857142857
