valid_loss,accuracy,roc_auc_score,precision_score,specificity,recall_score,f1_score
0.8631390333175659,0.8372092843055725,0.8116883116883117,0.8181818181818182,0.8181818181818182,0.8571428571428571,0.8372093023255814
