valid_loss,accuracy,roc_auc_score,precision_score,specificity,recall_score,f1_score
1.3296611309051514,0.6279069781303406,0.8917748917748918,0.7777777777777778,0.9090909090909091,0.3333333333333333,0.4666666666666667
