valid_loss,accuracy,roc_auc_score,precision_score,specificity,recall_score,f1_score
1.405983805656433,0.604651153087616,0.7965367965367965,0.7272727272727273,0.8571428571428571,0.36363636363636365,0.48484848484848486
