valid_loss,accuracy,roc_auc_score,precision_score,specificity,recall_score,f1_score
0.7541513442993164,0.8372092843055725,0.7662337662337663,0.7777777777777778,0.7142857142857143,0.9545454545454546,0.8571428571428571
