valid_loss,accuracy,roc_auc_score,precision_score,specificity,recall_score,f1_score
1.0439372062683105,0.7906976938247681,0.7316017316017316,0.7307692307692307,0.6818181818181818,0.9047619047619048,0.8085106382978723
