valid_loss,accuracy,roc_auc_score,precision_score,specificity,recall_score,f1_score
1.0416709184646606,0.7209302186965942,0.764069264069264,0.6923076923076923,0.6190476190476191,0.8181818181818182,0.75
