valid_loss,accuracy,roc_auc_score,precision_score,specificity,recall_score,f1_score
1.1194583177566528,0.7209302186965942,0.7748917748917749,0.8,0.8636363636363636,0.5714285714285714,0.6666666666666666
