valid_loss,accuracy,roc_auc_score,precision_score,specificity,recall_score,f1_score
0.6736935377120972,0.6744186282157898,0.6688311688311688,0.625,0.42857142857142855,0.9090909090909091,0.7407407407407407
