valid_loss,accuracy,roc_auc_score,precision_score,specificity,recall_score,f1_score
0.7519658207893372,0.7906976938247681,0.8441558441558442,0.8823529411764706,0.9047619047619048,0.6818181818181818,0.7692307692307693
