valid_loss,accuracy,roc_auc_score,precision_score,specificity,recall_score,f1_score
1.0606560707092285,0.6279069781303406,0.8614718614718615,1.0,1.0,0.2727272727272727,0.42857142857142855
