valid_loss,accuracy,roc_auc_score,precision_score,specificity,recall_score,f1_score
0.9733103513717651,0.6511628031730652,0.7424242424242424,0.6,0.45454545454545453,0.8571428571428571,0.7058823529411765
