valid_loss,accuracy,roc_auc_score,precision_score,specificity,recall_score,f1_score
1.724860668182373,0.7209302186965942,0.6688311688311689,0.7272727272727273,0.7142857142857143,0.7272727272727273,0.7272727272727273
