valid_loss,accuracy,roc_auc_score,precision_score,specificity,recall_score,f1_score
1.662606120109558,0.7674418687820435,0.722943722943723,0.7727272727272727,0.7619047619047619,0.7727272727272727,0.7727272727272727
