valid_loss,accuracy,roc_auc_score,precision_score,specificity,recall_score,f1_score
0.696585476398468,0.7209302186965942,0.7207792207792207,0.6551724137931034,0.5454545454545454,0.9047619047619048,0.76
