valid_loss,accuracy,roc_auc_score,precision_score,specificity,recall_score,f1_score
0.5291069746017456,0.7906976938247681,0.8181818181818182,0.75,0.7272727272727273,0.8571428571428571,0.8
