valid_loss,accuracy,roc_auc_score,precision_score,specificity,recall_score,f1_score
0.7311765551567078,0.6744186282157898,0.8441558441558441,0.6333333333333333,0.47619047619047616,0.8636363636363636,0.7307692307692307
