valid_loss,accuracy,roc_auc_score,precision_score,specificity,recall_score,f1_score
0.4578459560871124,0.7906976938247681,0.8701298701298702,0.7727272727272727,0.7727272727272727,0.8095238095238095,0.7906976744186046
