valid_loss,accuracy,roc_auc_score,precision_score,specificity,recall_score,f1_score
0.8590297102928162,0.7906976938247681,0.7532467532467533,0.7407407407407407,0.6666666666666666,0.9090909090909091,0.8163265306122449
