valid_loss,accuracy,roc_auc_score,precision_score,specificity,recall_score,f1_score
1.1609846353530884,0.7674418687820435,0.7727272727272727,0.8,0.8095238095238095,0.7272727272727273,0.7619047619047619
