valid_loss,accuracy,roc_auc_score,precision_score,specificity,recall_score,f1_score
1.5365498065948486,0.6511628031730652,0.6937229437229439,0.6521739130434783,0.6190476190476191,0.6818181818181818,0.6666666666666666
