valid_loss,accuracy,roc_auc_score,precision_score,specificity,recall_score,f1_score
0.5478979349136353,0.7906976938247681,0.8679653679653679,0.76,0.7142857142857143,0.8636363636363636,0.8085106382978723
