valid_loss,accuracy,roc_auc_score,precision_score,specificity,recall_score,f1_score
0.580521821975708,0.7209302186965942,0.8008658008658008,0.65625,0.47619047619047616,0.9545454545454546,0.7777777777777778
