valid_loss,accuracy,roc_auc_score,precision_score,specificity,recall_score,f1_score
4.660040855407715,0.4883720874786377,0.8593073593073594,0.5,0.9523809523809523,0.045454545454545456,0.08333333333333333
