valid_loss,accuracy,roc_auc_score,precision_score,specificity,recall_score,f1_score
0.66148841381073,0.7674418687820435,0.8398268398268398,0.6875,0.5238095238095238,1.0,0.8148148148148148
